Main Role,Sub Role,Question number,difficulty,question
Finance / Accountant,Junior Accountant,1,easy,How do you conduct variance analysis?
Finance / Accountant,Junior Accountant,2,easy,How do you manage accounts payable and receivable?
Finance / Accountant,Junior Accountant,3,easy,Scenario 6: How would you handle a unexpected expense?
Finance / Accountant,Junior Accountant,4,easy,Scenario 10: How would you handle a cash flow shortage?
Finance / Accountant,Junior Accountant,5,easy,Scenario 16: How would you handle a cash flow shortage?
Finance / Accountant,Junior Accountant,6,easy,What is GAAP?
Finance / Accountant,Junior Accountant,7,easy,What steps do you take to reconcile accounts?
Finance / Accountant,Junior Accountant,8,easy,How do you ensure compliance with tax regulations?
Finance / Accountant,Junior Accountant,9,easy,Scenario 3: How would you handle a audit finding?
Finance / Accountant,Junior Accountant,10,easy,What are current and non-current assets?
Finance / Accountant,Junior Accountant,11,easy,Scenario 23: How would you handle a unexpected expense?
Finance / Accountant,Junior Accountant,12,easy,Scenario 22: How would you handle a audit finding?
Finance / Accountant,Junior Accountant,13,easy,How do you ensure accuracy in financial entries?
Finance / Accountant,Junior Accountant,14,easy,What is your approach to financial forecasting?
Finance / Accountant,Junior Accountant,15,easy,Scenario 18: How would you handle a cash flow shortage?
Finance / Accountant,Junior Accountant,16,easy,What motivates you to work in accounting?
Finance / Accountant,Junior Accountant,17,easy,Scenario 1: How would you handle a audit finding?
Finance / Accountant,Junior Accountant,18,easy,Scenario 5: How would you handle a audit finding?
Finance / Accountant,Junior Accountant,19,mid,Scenario 17: How would you handle a unexpected expense?
Finance / Accountant,Junior Accountant,20,mid,What is double-entry bookkeeping?
Finance / Accountant,Junior Accountant,21,mid,Scenario 15: How would you handle a cash flow shortage?
Finance / Accountant,Junior Accountant,22,mid,Scenario 4: How would you handle a audit finding?
Finance / Accountant,Junior Accountant,23,mid,Scenario 13: How would you handle a cash flow shortage?
Finance / Accountant,Junior Accountant,24,mid,How do you manage petty cash?
Finance / Accountant,Junior Accountant,25,mid,Scenario 25: How would you handle a unexpected expense?
Finance / Accountant,Junior Accountant,26,mid,How do you prepare basic financial statements?
Finance / Accountant,Junior Accountant,27,mid,Scenario 9: How would you handle a regulatory change?
Finance / Accountant,Junior Accountant,28,mid,Scenario 7: How would you handle a audit finding?
Finance / Accountant,Junior Accountant,29,mid,Scenario 24: How would you handle a regulatory change?
Finance / Accountant,Junior Accountant,30,mid,Scenario 20: How would you handle a unexpected expense?
Finance / Accountant,Junior Accountant,31,mid,What is the role of a Junior Accountant?
Finance / Accountant,Junior Accountant,32,mid,What is your experience with budgeting?
Finance / Accountant,Junior Accountant,33,mid,Scenario 21: How would you handle a cash flow shortage?
Finance / Accountant,Junior Accountant,34,mid,Scenario 8: How would you handle a regulatory change?
Finance / Accountant,Junior Accountant,35,mid,What is accrual accounting?
Finance / Accountant,Junior Accountant,36,mid,How do you prepare monthly financial statements?
Finance / Accountant,Junior Accountant,37,mid,How do you prioritize multiple accounting tasks?
Finance / Accountant,Junior Accountant,38,mid,Scenario 11: How would you handle a unexpected expense?
Finance / Accountant,Junior Accountant,39,high,What steps do you take to prepare journal entries?
Finance / Accountant,Junior Accountant,40,high,How do you handle invoice discrepancies?
Finance / Accountant,Junior Accountant,41,high,Scenario 12: How would you handle a cash flow shortage?
Finance / Accountant,Junior Accountant,42,high,How do you ensure compliance with accounting standards?
Finance / Accountant,Junior Accountant,43,high,What is the difference between assets and liabilities?
Finance / Accountant,Junior Accountant,44,high,What is your understanding of depreciation methods?
Finance / Accountant,Junior Accountant,45,high,Scenario 2: How would you handle a regulatory change?
Finance / Accountant,Junior Accountant,46,high,What role does accuracy play in accounting?
Finance / Accountant,Junior Accountant,47,high,Scenario 19: How would you handle a audit finding?
Finance / Accountant,Junior Accountant,48,high,What accounting software are you familiar with?
Finance / Accountant,Junior Accountant,49,high,What is your understanding of trial balance?
Finance / Accountant,Junior Accountant,50,high,Scenario 14: How would you handle a cash flow shortage?
Finance / Accountant,Accountant,1,easy,What’s your understanding of revenue recognition?
Finance / Accountant,Accountant,2,easy,How do you evaluate capital expenditure requests?
Finance / Accountant,Accountant,3,easy,How do you handle payroll processing?
Finance / Accountant,Accountant,4,easy,How do you ensure compliance with accounting standards? (Context: Accountant)
Finance / Accountant,Accountant,5,easy,What steps do you take to prepare journal entries? (Context: Accountant)
Finance / Accountant,Accountant,6,easy,Scenario 8: How would you handle a unexpected expense?
Finance / Accountant,Accountant,7,easy,What is your approach to preparing budgets?
Finance / Accountant,Accountant,8,easy,How do you manage accounts payable and receivable? (Context: Accountant)
Finance / Accountant,Accountant,9,easy,Scenario 3: How would you handle a audit finding? (Context: Accountant)
Finance / Accountant,Accountant,10,easy,Scenario 1: How would you handle a audit finding? (Context: Accountant)
Finance / Accountant,Accountant,11,easy,What is GAAP? (Context: Accountant)
Finance / Accountant,Accountant,12,easy,What is accrual accounting? (Context: Accountant)
Finance / Accountant,Accountant,13,easy,Scenario 6: How would you handle a cash flow shortage?
Finance / Accountant,Accountant,14,easy,How do you implement internal controls?
Finance / Accountant,Accountant,15,easy,What is double-entry bookkeeping? (Context: Accountant)
Finance / Accountant,Accountant,16,easy,What is your experience with external auditors?
Finance / Accountant,Accountant,17,easy,How do you prioritize multiple accounting tasks? (Context: Accountant)
Finance / Accountant,Accountant,18,easy,What’s your experience with internal audits?
Finance / Accountant,Accountant,19,mid,What is your understanding of trial balance? (Context: Accountant)
Finance / Accountant,Accountant,20,mid,Scenario 7: How would you handle a regulatory change?
Finance / Accountant,Accountant,21,mid,How do you prepare basic financial statements? (Context: Accountant)
Finance / Accountant,Accountant,22,mid,How do you handle invoice discrepancies? (Context: Accountant)
Finance / Accountant,Accountant,23,mid,Scenario 9: How would you handle a regulatory change? (Context: Accountant)
Finance / Accountant,Accountant,24,mid,What is your understanding of cost accounting?
Finance / Accountant,Accountant,25,mid,What is the role of a Junior Accountant? (Context: Accountant)
Finance / Accountant,Accountant,26,mid,What is your understanding of depreciation methods? (Context: Accountant)
Finance / Accountant,Accountant,27,mid,How do you prepare management reports?
Finance / Accountant,Accountant,28,mid,What motivates you to work in accounting? (Context: Accountant)
Finance / Accountant,Accountant,29,mid,How do you manage petty cash? (Context: Accountant)
Finance / Accountant,Accountant,30,mid,What is your approach to financial forecasting? (Context: Accountant)
Finance / Accountant,Accountant,31,mid,How do you conduct variance analysis? (Context: Accountant)
Finance / Accountant,Accountant,32,mid,How do you manage tax filings?
Finance / Accountant,Accountant,33,mid,How do you prepare monthly financial statements? (Context: Accountant)
Finance / Accountant,Accountant,34,mid,How do you ensure accuracy in financial reporting?
Finance / Accountant,Accountant,35,mid,Scenario 4: How would you handle a cash flow shortage?
Finance / Accountant,Accountant,36,mid,How do you ensure accuracy in financial entries? (Context: Accountant)
Finance / Accountant,Accountant,37,mid,Scenario 10: How would you handle a unexpected expense?
Finance / Accountant,Accountant,38,mid,Scenario 2: How would you handle a unexpected expense?
Finance / Accountant,Accountant,39,high,Scenario 5: How would you handle a audit finding? (Context: Accountant)
Finance / Accountant,Accountant,40,high,What is your approach to financial compliance?
Finance / Accountant,Accountant,41,high,What is the difference between assets and liabilities? (Context: Accountant)
Finance / Accountant,Accountant,42,high,How do you prepare cash flow statements?
Finance / Accountant,Accountant,43,high,What steps do you take to reconcile accounts? (Context: Accountant)
Finance / Accountant,Accountant,44,high,What are current and non-current assets? (Context: Accountant)
Finance / Accountant,Accountant,45,high,What role does accuracy play in accounting? (Context: Accountant)
Finance / Accountant,Accountant,46,high,What is your experience with budgeting? (Context: Accountant)
Finance / Accountant,Accountant,47,high,How do you ensure compliance with tax regulations? (Context: Accountant)
Finance / Accountant,Accountant,48,high,What is your approach to managing working capital?
Finance / Accountant,Accountant,49,high,What accounting software are you familiar with? (Context: Accountant)
Finance / Accountant,Accountant,50,high,What are deferred revenues and expenses?
Finance / Accountant,Senior Accountant,1,easy,What role does financial data analytics play in decision-making?
Finance / Accountant,Senior Accountant,2,easy,Scenario 4: How would you handle a cash flow shortage? (Context: Senior Accountant)
Finance / Accountant,Senior Accountant,3,easy,What role do you play in long-term financial strategy?
Finance / Accountant,Senior Accountant,4,easy,What’s your strategy for managing foreign exchange risk?
Finance / Accountant,Senior Accountant,5,easy,How do you prepare board-level financial reports?
Finance / Accountant,Senior Accountant,6,easy,How do you handle payroll processing? (Context: Senior Accountant)
Finance / Accountant,Senior Accountant,7,easy,How do you prepare organizations for IPO?
Finance / Accountant,Senior Accountant,8,easy,Scenario 9: How would you handle a unexpected expense?
Finance / Accountant,Senior Accountant,9,easy,How do you ensure compliance with tax regulations? (Context: Senior Accountant)
Finance / Accountant,Senior Accountant,10,easy,How do you manage investor relations?
Finance / Accountant,Senior Accountant,11,easy,How do you conduct variance analysis? (Context: Senior Accountant)
Finance / Accountant,Senior Accountant,12,easy,What’s your experience with fundraising?
Finance / Accountant,Senior Accountant,13,easy,How do you evaluate mergers and acquisitions?
Finance / Accountant,Senior Accountant,14,easy,How do you optimize tax strategy?
Finance / Accountant,Senior Accountant,15,easy,What is your approach to treasury management?
Finance / Accountant,Senior Accountant,16,easy,What’s your experience with IFRS?
Finance / Accountant,Senior Accountant,17,easy,How do you implement internal controls? (Context: Senior Accountant)
Finance / Accountant,Senior Accountant,18,easy,What is your strategy for managing debt?
Finance / Accountant,Senior Accountant,19,mid,Scenario 6: How would you handle a audit finding?
Finance / Accountant,Senior Accountant,20,mid,How do you prepare cash flow statements? (Context: Senior Accountant)
Finance / Accountant,Senior Accountant,21,mid,Scenario 5: How would you handle a unexpected expense?
Finance / Accountant,Senior Accountant,22,mid,What is your understanding of cost accounting? (Context: Senior Accountant)
Finance / Accountant,Senior Accountant,23,mid,How do you ensure compliance with SEC or other regulatory bodies?
Finance / Accountant,Senior Accountant,24,mid,How do you assess risks in financial planning?
Finance / Accountant,Senior Accountant,25,mid,What is your approach to preparing budgets? (Context: Senior Accountant)
Finance / Accountant,Senior Accountant,26,mid,Scenario 3: How would you handle a unexpected expense?
Finance / Accountant,Senior Accountant,27,mid,How do you prepare management reports? (Context: Senior Accountant)
Finance / Accountant,Senior Accountant,28,mid,How do you prepare monthly financial statements? (Context: Senior Accountant)
Finance / Accountant,Senior Accountant,29,mid,How do you ensure accuracy in financial reporting? (Context: Senior Accountant)
Finance / Accountant,Senior Accountant,30,mid,Scenario 10: How would you handle a regulatory change?
Finance / Accountant,Senior Accountant,31,mid,What’s your approach to enterprise-level financial planning?
Finance / Accountant,Senior Accountant,32,mid,What’s your experience with internal audits? (Context: Senior Accountant)
Finance / Accountant,Senior Accountant,33,mid,What is your approach to financial risk management?
Finance / Accountant,Senior Accountant,34,mid,What are deferred revenues and expenses? (Context: Senior Accountant)
Finance / Accountant,Senior Accountant,35,mid,What is your approach to financial compliance? (Context: Senior Accountant)
Finance / Accountant,Senior Accountant,36,mid,What is your experience with external auditors? (Context: Senior Accountant)
Finance / Accountant,Senior Accountant,37,mid,How do you evaluate capital expenditure requests? (Context: Senior Accountant)
Finance / Accountant,Senior Accountant,38,mid,What is your experience with budgeting? (Context: Senior Accountant)
Finance / Accountant,Senior Accountant,39,high,How do you evaluate ROI on strategic initiatives?
Finance / Accountant,Senior Accountant,40,high,Scenario 1: How would you handle a regulatory change?
Finance / Accountant,Senior Accountant,41,high,How do you assess financial health of an organization?
Finance / Accountant,Senior Accountant,42,high,What is your experience with financial modeling?
Finance / Accountant,Senior Accountant,43,high,How do you manage tax filings? (Context: Senior Accountant)
Finance / Accountant,Senior Accountant,44,high,Scenario 8: How would you handle a audit finding?
Finance / Accountant,Senior Accountant,45,high,What’s your understanding of revenue recognition? (Context: Senior Accountant)
Finance / Accountant,Senior Accountant,46,high,Scenario 7: How would you handle a cash flow shortage?
Finance / Accountant,Senior Accountant,47,high,What is your approach to managing working capital? (Context: Senior Accountant)
Finance / Accountant,Senior Accountant,48,high,Scenario 2: How would you handle a unexpected expense? (Context: Senior Accountant)
Finance / Accountant,Senior Accountant,49,high,What is your approach to financial forecasting? (Context: Senior Accountant)
Finance / Accountant,Senior Accountant,50,high,How do you evaluate investment opportunities?
Finance / Accountant,Finance Manager,1,easy,How do you evaluate ROI on strategic initiatives? (Context: Finance Manager)
Finance / Accountant,Finance Manager,2,easy,Scenario 18: How would you handle a unexpected expense?
Finance / Accountant,Finance Manager,3,easy,Scenario 25: How would you handle a audit finding?
Finance / Accountant,Finance Manager,4,easy,Scenario 9: How would you handle a unexpected expense? (Context: Finance Manager)
Finance / Accountant,Finance Manager,5,easy,How do you assess risks in financial planning? (Context: Finance Manager)
Finance / Accountant,Finance Manager,6,easy,Scenario 1: How would you handle a unexpected expense?
Finance / Accountant,Finance Manager,7,easy,What is your approach to aligning finance with business goals?
Finance / Accountant,Finance Manager,8,easy,Scenario 15: How would you handle a audit finding?
Finance / Accountant,Finance Manager,9,easy,Scenario 16: How would you handle a cash flow shortage? (Context: Finance Manager)
Finance / Accountant,Finance Manager,10,easy,What is your strategy for managing debt? (Context: Finance Manager)
Finance / Accountant,Finance Manager,11,easy,Scenario 6: How would you handle a cash flow shortage? (Context: Finance Manager)
Finance / Accountant,Finance Manager,12,easy,How do you manage investor relations? (Context: Finance Manager)
Finance / Accountant,Finance Manager,13,easy,Scenario 13: How would you handle a unexpected expense?
Finance / Accountant,Finance Manager,14,easy,Scenario 14: How would you handle a unexpected expense?
Finance / Accountant,Finance Manager,15,easy,What’s your experience with fundraising? (Context: Finance Manager)
Finance / Accountant,Finance Manager,16,easy,How do you lead finance teams effectively?
Finance / Accountant,Finance Manager,17,easy,How do you assess financial health of an organization? (Context: Finance Manager)
Finance / Accountant,Finance Manager,18,easy,Scenario 17: How would you handle a audit finding?
Finance / Accountant,Finance Manager,19,mid,What role does financial data analytics play in decision-making? (Context: Finance Manager)
Finance / Accountant,Finance Manager,20,mid,Scenario 4: How would you handle a audit finding? (Context: Finance Manager)
Finance / Accountant,Finance Manager,21,mid,Scenario 2: How would you handle a audit finding?
Finance / Accountant,Finance Manager,22,mid,How do you handle conflicts within finance teams?
Finance / Accountant,Finance Manager,23,mid,Scenario 8: How would you handle a audit finding? (Context: Finance Manager)
Finance / Accountant,Finance Manager,24,mid,What’s your strategy for managing foreign exchange risk? (Context: Finance Manager)
Finance / Accountant,Finance Manager,25,mid,Scenario 10: How would you handle a unexpected expense? (Context: Finance Manager)
Finance / Accountant,Finance Manager,26,mid,How do you prepare organizations for IPO? (Context: Finance Manager)
Finance / Accountant,Finance Manager,27,mid,How do you optimize tax strategy? (Context: Finance Manager)
Finance / Accountant,Finance Manager,28,mid,What role do you play in long-term financial strategy? (Context: Finance Manager)
Finance / Accountant,Finance Manager,29,mid,Scenario 24: How would you handle a unexpected expense?
Finance / Accountant,Finance Manager,30,mid,What’s your experience with IFRS? (Context: Finance Manager)
Finance / Accountant,Finance Manager,31,mid,How do you prepare board-level financial reports? (Context: Finance Manager)
Finance / Accountant,Finance Manager,32,mid,How do you ensure compliance with SEC or other regulatory bodies? (Context: Finance Manager)
Finance / Accountant,Finance Manager,33,mid,How do you set financial strategy for organizations?
Finance / Accountant,Finance Manager,34,mid,Scenario 22: How would you handle a regulatory change?
Finance / Accountant,Finance Manager,35,mid,What is your approach to financial risk management? (Context: Finance Manager)
Finance / Accountant,Finance Manager,36,mid,Scenario 11: How would you handle a cash flow shortage?
Finance / Accountant,Finance Manager,37,mid,How do you evaluate mergers and acquisitions? (Context: Finance Manager)
Finance / Accountant,Finance Manager,38,mid,Scenario 20: How would you handle a cash flow shortage?
Finance / Accountant,Finance Manager,39,high,Scenario 3: How would you handle a regulatory change?
Finance / Accountant,Finance Manager,40,high,Scenario 19: How would you handle a cash flow shortage?
Finance / Accountant,Finance Manager,41,high,Scenario 7: How would you handle a audit finding? (Context: Finance Manager)
Finance / Accountant,Finance Manager,42,high,What is your experience with financial modeling? (Context: Finance Manager)
Finance / Accountant,Finance Manager,43,high,What’s your approach to enterprise-level financial planning? (Context: Finance Manager)
Finance / Accountant,Finance Manager,44,high,Scenario 23: How would you handle a unexpected expense? (Context: Finance Manager)
Finance / Accountant,Finance Manager,45,high,Scenario 21: How would you handle a audit finding?
Finance / Accountant,Finance Manager,46,high,How do you evaluate investment opportunities? (Context: Finance Manager)
Finance / Accountant,Finance Manager,47,high,What’s your strategy for managing organizational budgets?
Finance / Accountant,Finance Manager,48,high,What is your approach to treasury management? (Context: Finance Manager)
Finance / Accountant,Finance Manager,49,high,Scenario 5: How would you handle a audit finding? (Context: Finance Manager)
Finance / Accountant,Finance Manager,50,high,Scenario 12: How would you handle a cash flow shortage? (Context: Finance Manager)
Finance / Accountant,CFO (Chief Financial Officer),1,easy,Scenario 13: How would you handle a regulatory change?
Finance / Accountant,CFO (Chief Financial Officer),2,easy,How do you handle conflicts within finance teams? (Context: CFO (Chief Financial Officer))
Finance / Accountant,CFO (Chief Financial Officer),3,easy,Scenario 11: How would you handle a unexpected expense? (Context: CFO (Chief Financial Officer))
Finance / Accountant,CFO (Chief Financial Officer),4,easy,How do you assess risks in financial planning? (Context: CFO (Chief Financial Officer))
Finance / Accountant,CFO (Chief Financial Officer),5,easy,Scenario 20: How would you handle a audit finding?
Finance / Accountant,CFO (Chief Financial Officer),6,easy,What is your approach to aligning finance with business goals? (Context: CFO (Chief Financial Officer))
Finance / Accountant,CFO (Chief Financial Officer),7,easy,How do you collaborate with other C-suite executives?
Finance / Accountant,CFO (Chief Financial Officer),8,easy,How do you evaluate mergers and acquisitions? (Context: CFO (Chief Financial Officer))
Finance / Accountant,CFO (Chief Financial Officer),9,easy,Scenario 3: How would you handle a cash flow shortage?
Finance / Accountant,CFO (Chief Financial Officer),10,easy,Scenario 26: How would you handle a cash flow shortage?
Finance / Accountant,CFO (Chief Financial Officer),11,easy,Scenario 23: How would you handle a unexpected expense? (Context: CFO (Chief Financial Officer))
Finance / Accountant,CFO (Chief Financial Officer),12,easy,Scenario 4: How would you handle a unexpected expense?
Finance / Accountant,CFO (Chief Financial Officer),13,easy,Scenario 1: How would you handle a audit finding? (Context: CFO (Chief Financial Officer))
Finance / Accountant,CFO (Chief Financial Officer),14,easy,How do you ensure financial resilience in crises?
Finance / Accountant,CFO (Chief Financial Officer),15,easy,Scenario 10: How would you handle a regulatory change? (Context: CFO (Chief Financial Officer))
Finance / Accountant,CFO (Chief Financial Officer),16,easy,Scenario 5: How would you handle a unexpected expense? (Context: CFO (Chief Financial Officer))
Finance / Accountant,CFO (Chief Financial Officer),17,easy,Scenario 22: How would you handle a audit finding? (Context: CFO (Chief Financial Officer))
Finance / Accountant,CFO (Chief Financial Officer),18,easy,Scenario 27: How would you handle a regulatory change?
Finance / Accountant,CFO (Chief Financial Officer),19,mid,What’s your approach to digital transformation in finance?
Finance / Accountant,CFO (Chief Financial Officer),20,mid,What is your role in shaping corporate strategy?
Finance / Accountant,CFO (Chief Financial Officer),21,mid,How do you communicate financial performance to boards?
Finance / Accountant,CFO (Chief Financial Officer),22,mid,Scenario 6: How would you handle a regulatory change?
Finance / Accountant,CFO (Chief Financial Officer),23,mid,What is your strategy for managing debt? (Context: CFO (Chief Financial Officer))
Finance / Accountant,CFO (Chief Financial Officer),24,mid,Scenario 17: How would you handle a cash flow shortage?
Finance / Accountant,CFO (Chief Financial Officer),25,mid,How do you evaluate financial performance of subsidiaries?
Finance / Accountant,CFO (Chief Financial Officer),26,mid,Scenario 2: How would you handle a audit finding? (Context: CFO (Chief Financial Officer))
Finance / Accountant,CFO (Chief Financial Officer),27,mid,Scenario 14: How would you handle a cash flow shortage? (Context: CFO (Chief Financial Officer))
Finance / Accountant,CFO (Chief Financial Officer),28,mid,Scenario 29: How would you handle a cash flow shortage?
Finance / Accountant,CFO (Chief Financial Officer),29,mid,Scenario 16: How would you handle a audit finding?
Finance / Accountant,CFO (Chief Financial Officer),30,mid,What’s your strategy for raising capital?
Finance / Accountant,CFO (Chief Financial Officer),31,mid,Scenario 25: How would you handle a audit finding? (Context: CFO (Chief Financial Officer))
Finance / Accountant,CFO (Chief Financial Officer),32,mid,Scenario 30: How would you handle a cash flow shortage?
Finance / Accountant,CFO (Chief Financial Officer),33,mid,Scenario 9: How would you handle a regulatory change? (Context: CFO (Chief Financial Officer))
Finance / Accountant,CFO (Chief Financial Officer),34,mid,Scenario 24: How would you handle a cash flow shortage?
Finance / Accountant,CFO (Chief Financial Officer),35,mid,Scenario 12: How would you handle a regulatory change?
Finance / Accountant,CFO (Chief Financial Officer),36,mid,Scenario 18: How would you handle a audit finding?
Finance / Accountant,CFO (Chief Financial Officer),37,mid,Scenario 28: How would you handle a unexpected expense?
Finance / Accountant,CFO (Chief Financial Officer),38,mid,What role do you play in corporate governance?
Finance / Accountant,CFO (Chief Financial Officer),39,high,Scenario 8: How would you handle a audit finding? (Context: CFO (Chief Financial Officer))
Finance / Accountant,CFO (Chief Financial Officer),40,high,What’s your approach to mergers and acquisitions at scale?
Finance / Accountant,CFO (Chief Financial Officer),41,high,Scenario 21: How would you handle a regulatory change?
Finance / Accountant,CFO (Chief Financial Officer),42,high,How do you set financial strategy for organizations? (Context: CFO (Chief Financial Officer))
Finance / Accountant,CFO (Chief Financial Officer),43,high,Scenario 19: How would you handle a regulatory change?
Finance / Accountant,CFO (Chief Financial Officer),44,high,Scenario 7: How would you handle a unexpected expense?
Finance / Accountant,CFO (Chief Financial Officer),45,high,Scenario 15: How would you handle a unexpected expense?
Finance / Accountant,CFO (Chief Financial Officer),46,high,How do you ensure long-term shareholder value?
Finance / Accountant,CFO (Chief Financial Officer),47,high,What’s your strategy for managing organizational budgets? (Context: CFO (Chief Financial Officer))
Finance / Accountant,CFO (Chief Financial Officer),48,high,What is your experience with financial modeling? (Context: CFO (Chief Financial Officer))
Finance / Accountant,CFO (Chief Financial Officer),49,high,How do you lead finance teams effectively? (Context: CFO (Chief Financial Officer))
Finance / Accountant,CFO (Chief Financial Officer),50,high,How do you evaluate investment opportunities? (Context: CFO (Chief Financial Officer))
